,Company Name,Industry,Symbol
0,3M India Ltd.,Diversified,3MINDIA
1,ABB India Ltd.,Capital Goods,ABB
2,ACC Ltd.,Construction Materials,ACC
3,AIA Engineering Ltd.,Capital Goods,AIAENG
4,APL Apollo Tubes Ltd.,Capital Goods,APLAPOLLO
5,AU Small Finance Bank Ltd.,Financial Services,AUBANK
6,Aarti Drugs Ltd.,Healthcare,AARTIDRUGS
7,Aavas Financiers Ltd.,Financial Services,AAVAS
8,Abbott India Ltd.,Healthcare,ABBOTINDIA
9,Adani Enterprises Ltd.,Metals & Mining,ADANIENT
10,Adani Green Energy Ltd.,Power,ADANIGREEN
11,Adani Ports and Special Economic Zone Ltd.,Services,ADANIPORTS
12,Adani Total Gas Ltd.,Oil Gas & Consumable Fuels,ATGL
13,Adani Transmission Ltd.,Power,ADANITRANS
14,Adani Wilmar Ltd.,Fast Moving Consumer Goods,AWL
15,Aditya Birla Capital Ltd.,Financial Services,ABCAPITAL
16,Aditya Birla Fashion and Retail Ltd.,Consumer Services,ABFRL
17,Aditya Birla Sun Life AMC Ltd.,Financial Services,ABSLAMC
18,Aegis Logistics Ltd.,Oil Gas & Consumable Fuels,AEGISCHEM
19,Aether Industries Ltd.,Chemicals,AETHER
20,Affle (India) Ltd.,Information Technology,AFFLE
21,Ajanta Pharmaceuticals Ltd.,Healthcare,AJANTPHARM
22,Alembic Pharmaceuticals Ltd.,Healthcare,APLLTD
23,Alkem Laboratories Ltd.,Healthcare,ALKEM
24,Alkyl Amines Chemicals Ltd.,Chemicals,ALKYLAMINE
25,Allcargo Logistics Ltd.,Services,ALLCARGO
26,Alok Industries Ltd.,Textiles,ALOKINDS
27,Amara Raja Batteries Ltd.,Automobile and Auto Components,AMARAJABAT
28,Amber Enterprises India Ltd.,Consumer Durables,AMBER
29,Ambuja Cements Ltd.,Construction Materials,AMBUJACEM
30,Angel One Ltd.,Financial Services,ANGELONE
31,Anupam Rasayan India Ltd.,Chemicals,ANURAS
32,Apollo Hospitals Enterprise Ltd.,Healthcare,APOLLOHOSP
33,Apollo Tyres Ltd.,Automobile and Auto Components,APOLLOTYRE
34,Aptus Value Housing Finance India Ltd.,Financial Services,APTUS
35,Asahi India Glass Ltd.,Automobile and Auto Components,ASAHIINDIA
36,Ashok Leyland Ltd.,Capital Goods,ASHOKLEY
37,Asian Paints Ltd.,Consumer Durables,ASIANPAINT
38,Aster DM Healthcare Ltd.,Healthcare,ASTERDM
39,AstraZenca Pharma India Ltd.,Healthcare,ASTRAZEN
40,Astral Ltd.,Capital Goods,ASTRAL
41,Atul Ltd.,Chemicals,ATUL
42,Aurobindo Pharma Ltd.,Healthcare,AUROPHARMA
43,Avanti Feeds Ltd.,Fast Moving Consumer Goods,AVANTIFEED
44,Avenue Supermarts Ltd.,Consumer Services,DMART
45,Axis Bank Ltd.,Financial Services,AXISBANK
46,BASF India Ltd.,Chemicals,BASF
47,BSE Ltd.,Financial Services,BSE
48,Bajaj Auto Ltd.,Automobile and Auto Components,BAJAJ-AUTO
49,Bajaj Electricals Ltd,Consumer Durables,BAJAJELEC
50,Bajaj Finance Ltd.,Financial Services,BAJFINANCE
51,Bajaj Finserv Ltd.,Financial Services,BAJAJFINSV
52,Bajaj Holdings & Investment Ltd.,Financial Services,BAJAJHLDNG
53,Balaji Amines Ltd.,Chemicals,BALAMINES
54,Balkrishna Industries Ltd.,Automobile and Auto Components,BALKRISIND
55,Balrampur Chini Mills Ltd.,Fast Moving Consumer Goods,BALRAMCHIN
56,Bandhan Bank Ltd.,Financial Services,BANDHANBNK
57,Bank of Baroda,Financial Services,BANKBARODA
58,Bank of India,Financial Services,BANKINDIA
59,Bank of Maharashtra,Financial Services,MAHABANK
60,Bata India Ltd.,Consumer Durables,BATAINDIA
61,Bayer Cropscience Ltd.,Chemicals,BAYERCROP
62,Berger Paints India Ltd.,Consumer Durables,BERGEPAINT
63,Bharat Dynamics Ltd.,Capital Goods,BDL
64,Bharat Electronics Ltd.,Capital Goods,BEL
65,Bharat Forge Ltd.,Capital Goods,BHARATFORG
66,Bharat Heavy Electricals Ltd.,Capital Goods,BHEL
67,Bharat Petroleum Corporation Ltd.,Oil Gas & Consumable Fuels,BPCL
68,Bharat Rasayan Ltd.,Chemicals,BHARATRAS
69,Bharti Airtel Ltd.,Telecommunication,BHARTIARTL
70,Biocon Ltd.,Healthcare,BIOCON
71,Birla Corporation Ltd.,Construction Materials,BIRLACORPN
72,Birlasoft Ltd.,Information Technology,BSOFT
73,Blue Dart Express Ltd.,Services,BLUEDART
74,Blue Star Ltd.,Consumer Durables,BLUESTARCO
75,Bombay Burmah Trading Corporation Ltd.,Fast Moving Consumer Goods,BBTC
76,Borosil Renewables Ltd.,Capital Goods,BORORENEW
77,Bosch Ltd.,Automobile and Auto Components,BOSCHLTD
78,Brigade Enterprises Ltd.,Realty,BRIGADE
79,Brightcom Group Ltd.,Information Technology,BCG
80,Britannia Industries Ltd.,Fast Moving Consumer Goods,BRITANNIA
81,C.E. Info Systems Ltd.,Information Technology,MAPMYINDIA
82,CCL Products (I) Ltd.,Fast Moving Consumer Goods,CCL
83,CESC Ltd.,Power,CESC
84,CG Power and Industrial Solutions Ltd.,Capital Goods,CGPOWER
85,CRISIL Ltd.,Financial Services,CRISIL
86,CSB Bank Ltd.,Financial Services,CSBBANK
87,Campus Activewear Ltd.,Consumer Durables,CAMPUS
88,Can Fin Homes Ltd.,Financial Services,CANFINHOME
89,Canara Bank,Financial Services,CANBK
90,Caplin Point Laboratories Ltd.,Healthcare,CAPLIPOINT
91,Capri Global Capital Ltd.,Financial Services,CGCL
92,Carborundum Universal Ltd.,Capital Goods,CARBORUNIV
93,Castrol India Ltd.,Oil Gas & Consumable Fuels,CASTROLIND
94,Ceat Ltd.,Automobile and Auto Components,CEATLTD
95,Central Bank of India,Financial Services,CENTRALBK
96,Central Depository Services (India) Ltd.,Financial Services,CDSL
97,Century Plyboards (India) Ltd.,Consumer Durables,CENTURYPLY
98,Century Textile & Industries Ltd.,Forest Materials,CENTURYTEX
99,Cera Sanitaryware Ltd,Consumer Durables,CERA
100,Chalet Hotels Ltd.,Consumer Services,CHALET
101,Chambal Fertilizers & Chemicals Ltd.,Chemicals,CHAMBLFERT
102,Chemplast Sanmar Ltd.,Chemicals,CHEMPLASTS
103,Cholamandalam Financial Holdings Ltd.,Financial Services,CHOLAHLDNG
104,Cholamandalam Investment and Finance Company Ltd.,Financial Services,CHOLAFIN
105,Cipla Ltd.,Healthcare,CIPLA
106,City Union Bank Ltd.,Financial Services,CUB
107,Clean Science and Technology Ltd.,Chemicals,CLEAN
108,Coal India Ltd.,Oil Gas & Consumable Fuels,COALINDIA
109,Cochin Shipyard Ltd.,Capital Goods,COCHINSHIP
110,Coforge Ltd.,Information Technology,COFORGE
111,Colgate Palmolive (India) Ltd.,Fast Moving Consumer Goods,COLPAL
112,Computer Age Management Services Ltd.,Financial Services,CAMS
113,Container Corporation of India Ltd.,Services,CONCOR
114,Coromandel International Ltd.,Chemicals,COROMANDEL
115,CreditAccess Grameen Ltd.,Financial Services,CREDITACC
116,Crompton Greaves Consumer Electricals Ltd.,Consumer Durables,CROMPTON
117,Cummins India Ltd.,Capital Goods,CUMMINSIND
118,Cyient Ltd.,Information Technology,CYIENT
119,DCM Shriram Ltd.,Diversified,DCMSHRIRAM
120,DLF Ltd.,Realty,DLF
121,Dabur India Ltd.,Fast Moving Consumer Goods,DABUR
122,Dalmia Bharat Ltd.,Construction Materials,DALBHARAT
123,Deepak Fertilisers & Petrochemicals Corp. Ltd.,Chemicals,DEEPAKFERT
124,Deepak Nitrite Ltd.,Chemicals,DEEPAKNTR
125,Delhivery Ltd.,Services,DELHIVERY
126,Delta Corp Ltd.,Consumer Services,DELTACORP
127,Devyani International Ltd.,Consumer Services,DEVYANI
128,Dhani Services Ltd.,Financial Services,DHANI
129,Dilip Buildcon Ltd.,Construction,DBL
130,Divi's Laboratories Ltd.,Healthcare,DIVISLAB
131,Dixon Technologies (India) Ltd.,Consumer Durables,DIXON
132,Dr. Lal Path Labs Ltd.,Healthcare,LALPATHLAB
133,Dr. Reddy's Laboratories Ltd.,Healthcare,DRREDDY
134,E.I.D. Parry (India) Ltd.,Fast Moving Consumer Goods,EIDPARRY
135,EIH Ltd.,Consumer Services,EIHOTEL
136,EPL Ltd.,Capital Goods,EPL
137,Easy Trip Planners Ltd.,Consumer Services,EASEMYTRIP
138,Edelweiss Financial Services Ltd.,Financial Services,EDELWEISS
139,Eicher Motors Ltd.,Automobile and Auto Components,EICHERMOT
140,Elgi Equipments Ltd.,Capital Goods,ELGIEQUIP
141,Emami Ltd.,Fast Moving Consumer Goods,EMAMILTD
142,Endurance Technologies Ltd.,Automobile and Auto Components,ENDURANCE
143,Engineers India Ltd.,Construction,ENGINERSIN
144,Equitas Small Finance Bank Ltd.,Financial Services,EQUITASBNK
145,Escorts Kubota Ltd.,Capital Goods,ESCORTS
146,Exide Industries Ltd.,Automobile and Auto Components,EXIDEIND
147,FDC Ltd.,Healthcare,FDC
148,FSN E-Commerce Ventures Ltd.,Consumer Services,NYKAA
149,Federal Bank Ltd.,Financial Services,FEDERALBNK
150,Fertilisers and Chemicals Travancore Ltd.,Chemicals,FACT
151,Fine Organic Industries Ltd.,Chemicals,FINEORG
152,Finolex Cables Ltd.,Capital Goods,FINCABLES
153,Finolex Industries Ltd.,Capital Goods,FINPIPE
154,Firstsource Solutions Ltd.,Information Technology,FSL
155,Fortis Healthcare Ltd.,Healthcare,FORTIS
156,G R Infraprojects Ltd.,Construction,GRINFRA
157,GAIL (India) Ltd.,Oil Gas & Consumable Fuels,GAIL
158,GMM Pfaudler Ltd.,Capital Goods,GMMPFAUDLR
159,GMR Airports Infrastructure Ltd.,Services,GMRINFRA
160,Galaxy Surfactants Ltd.,Chemicals,GALAXYSURF
161,Garware Technical Fibres Ltd.,Textiles,GARFIBRES
162,General Insurance Corporation of India,Financial Services,GICRE
163,Gland Pharma Ltd.,Healthcare,GLAND
164,Glaxosmithkline Pharmaceuticals Ltd.,Healthcare,GLAXO
165,Glenmark Pharmaceuticals Ltd.,Healthcare,GLENMARK
166,Go Fashion (India) Ltd.,Consumer Services,GOCOLORS
167,Godfrey Phillips India Ltd.,Fast Moving Consumer Goods,GODFRYPHLP
168,Godrej Agrovet Ltd.,Fast Moving Consumer Goods,GODREJAGRO
169,Godrej Consumer Products Ltd.,Fast Moving Consumer Goods,GODREJCP
170,Godrej Industries Ltd.,Fast Moving Consumer Goods,GODREJIND
171,Godrej Properties Ltd.,Realty,GODREJPROP
172,Granules India Ltd.,Healthcare,GRANULES
173,Graphite India Ltd.,Capital Goods,GRAPHITE
174,Grasim Industries Ltd.,Construction Materials,GRASIM
175,Great Eastern Shipping Co. Ltd.,Services,GESHIP
176,Greenpanel Industries Ltd.,Consumer Durables,GREENPANEL
177,Grindwell Norton Ltd.,Capital Goods,GRINDWELL
178,Gujarat Alkalies & Chemicals Ltd.,Chemicals,GUJALKALI
179,Gujarat Ambuja Exports Ltd.,Fast Moving Consumer Goods,GAEL
180,Gujarat Fluorochemicals Ltd.,Chemicals,FLUOROCHEM
181,Gujarat Gas Ltd.,Oil Gas & Consumable Fuels,GUJGASLTD
182,Gujarat Narmada Valley Fertilizers and Chemicals Ltd.,Chemicals,GNFC
183,Gujarat Pipavav Port Ltd.,Services,GPPL
184,Gujarat State Fertilizers & Chemicals Ltd.,Chemicals,GSFC
185,Gujarat State Petronet Ltd.,Oil Gas & Consumable Fuels,GSPL
186,H.E.G. Ltd.,Capital Goods,HEG
187,HCL Technologies Ltd.,Information Technology,HCLTECH
188,HDFC Asset Management Company Ltd.,Financial Services,HDFCAMC
189,HDFC Bank Ltd.,Financial Services,HDFCBANK
190,HDFC Life Insurance Company Ltd.,Financial Services,HDFCLIFE
191,HFCL Ltd.,Telecommunication,HFCL
192,HLE Glascoat Ltd.,Capital Goods,HLEGLAS
193,Happiest Minds Technologies Ltd.,Information Technology,HAPPSTMNDS
194,Hatsun Agro Product Ltd.,Fast Moving Consumer Goods,HATSUN
195,Havells India Ltd.,Consumer Durables,HAVELLS
196,Hero MotoCorp Ltd.,Automobile and Auto Components,HEROMOTOCO
197,Hikal Ltd.,Healthcare,HIKAL
198,Hindalco Industries Ltd.,Metals & Mining,HINDALCO
199,Hinduja Global Solutions Ltd.,Services,HGS
200,Hindustan Aeronautics Ltd.,Capital Goods,HAL
201,Hindustan Copper Ltd.,Metals & Mining,HINDCOPPER
202,Hindustan Petroleum Corporation Ltd.,Oil Gas & Consumable Fuels,HINDPETRO
203,Hindustan Unilever Ltd.,Fast Moving Consumer Goods,HINDUNILVR
204,Hindustan Zinc Ltd.,Metals & Mining,HINDZINC
205,Hitachi Energy India Ltd.,Capital Goods,POWERINDIA
206,Home First Finance Company India Ltd.,Financial Services,HOMEFIRST
207,Honeywell Automation India Ltd.,Capital Goods,HONAUT
208,Housing & Urban Development Corporation Ltd.,Financial Services,HUDCO
209,Housing Development Finance Corporation Ltd.,Financial Services,HDFC
210,ICICI Bank Ltd.,Financial Services,ICICIBANK
211,ICICI Lombard General Insurance Company Ltd.,Financial Services,ICICIGI
212,ICICI Prudential Life Insurance Company Ltd.,Financial Services,ICICIPRULI
213,ICICI Securities Ltd.,Financial Services,ISEC
214,IDBI Bank Ltd.,Financial Services,IDBI
215,IDFC First Bank Ltd.,Financial Services,IDFCFIRSTB
216,IDFC Ltd.,Financial Services,IDFC
217,IFB Industries Ltd.,Consumer Durables,IFBIND
218,IIFL Finance Ltd.,Financial Services,IIFL
219,IIFL Wealth Management Ltd.,Financial Services,IIFLWAM
220,IRB Infrastructure Developers Ltd.,Construction,IRB
221,ITC Ltd.,Fast Moving Consumer Goods,ITC
222,ITI Ltd.,Telecommunication,ITI
223,India Cements Ltd.,Construction Materials,INDIACEM
224,Indiabulls Housing Finance Ltd.,Financial Services,IBULHSGFIN
225,Indiabulls Real Estate Ltd.,Realty,IBREALEST
226,Indiamart Intermesh Ltd.,Consumer Services,INDIAMART
227,Indian Bank,Financial Services,INDIANB
228,Indian Energy Exchange Ltd.,Financial Services,IEX
229,Indian Hotels Co. Ltd.,Consumer Services,INDHOTEL
230,Indian Oil Corporation Ltd.,Oil Gas & Consumable Fuels,IOC
231,Indian Overseas Bank,Financial Services,IOB
232,Indian Railway Catering And Tourism Corporation Ltd.,Consumer Services,IRCTC
233,Indian Railway Finance Corporation Ltd.,Financial Services,IRFC
234,Indigo Paints Ltd.,Consumer Durables,INDIGOPNTS
235,Indoco Remedies Ltd.,Healthcare,INDOCO
236,Indraprastha Gas Ltd.,Oil Gas & Consumable Fuels,IGL
237,Indus Towers Ltd.,Telecommunication,INDUSTOWER
238,IndusInd Bank Ltd.,Financial Services,INDUSINDBK
239,Infibeam Avenues Ltd.,Financial Services,INFIBEAM
240,Info Edge (India) Ltd.,Consumer Services,NAUKRI
241,Infosys Ltd.,Information Technology,INFY
242,Inox Leisure Ltd.,Media Entertainment & Publication,INOXLEISUR
243,Intellect Design Arena Ltd.,Information Technology,INTELLECT
244,InterGlobe Aviation Ltd.,Services,INDIGO
245,Ipca Laboratories Ltd.,Healthcare,IPCALAB
246,J.B. Chemicals & Pharmaceuticals Ltd.,Healthcare,JBCHEPHARM
247,J.K. Cement Ltd.,Construction Materials,JKCEMENT
248,JBM Auto Ltd.,Automobile and Auto Components,JBMA
249,JK Lakshmi Cement Ltd.,Construction Materials,JKLAKSHMI
250,JK Paper Ltd.,Forest Materials,JKPAPER
251,JM Financial Ltd.,Financial Services,JMFINANCIL
252,JSW Energy Ltd.,Power,JSWENERGY
253,JSW Steel Ltd.,Metals & Mining,JSWSTEEL
254,Jamna Auto Industries Ltd.,Automobile and Auto Components,JAMNAAUTO
255,Jindal Stainless Ltd.,Metals & Mining,JSL
256,Jindal Steel & Power Ltd.,Metals & Mining,JINDALSTEL
257,Jubilant Foodworks Ltd.,Consumer Services,JUBLFOOD
258,Jubilant Ingrevia Ltd.,Chemicals,JUBLINGREA
259,Jubilant Pharmova Ltd.,Healthcare,JUBLPHARMA
260,Justdial Ltd.,Consumer Services,JUSTDIAL
261,Jyothy Labs Ltd.,Fast Moving Consumer Goods,JYOTHYLAB
262,K.P.R. Mill Ltd.,Textiles,KPRMILL
263,KEI Industries Ltd.,Capital Goods,KEI
264,KNR Constructions Ltd.,Construction,KNRCON
265,KPIT Technologies Ltd.,Information Technology,KPITTECH
266,KRBL Ltd.,Fast Moving Consumer Goods,KRBL
267,Kajaria Ceramics Ltd.,Consumer Durables,KAJARIACER
268,Kalpataru Power Transmission Ltd.,Construction,KALPATPOWR
269,Kalyan Jewellers India Ltd.,Consumer Durables,KALYANKJIL
270,Kansai Nerolac Paints Ltd.,Consumer Durables,KANSAINER
271,Karur Vysya Bank Ltd.,Financial Services,KARURVYSYA
272,Kec International Ltd.,Capital Goods,KEC
273,Kotak Mahindra Bank Ltd.,Financial Services,KOTAKBANK
274,Krishna Institute of Medical Sciences Ltd.,Healthcare,KIMS
275,L&T Finance Holdings Ltd.,Financial Services,L&TFH
276,L&T Technology Services Ltd.,Information Technology,LTTS
277,LIC Housing Finance Ltd.,Financial Services,LICHSGFIN
278,LTIMindtree Ltd.,Information Technology,LTIM
279,Lakshmi Machine Works Ltd.,Capital Goods,LAXMIMACH
280,Larsen & Toubro Ltd.,Construction,LT
281,Latent View Analytics Ltd.,Information Technology,LATENTVIEW
282,Laurus Labs Ltd.,Healthcare,LAURUSLABS
283,Laxmi Organic Industries Ltd.,Chemicals,LXCHEM
284,Life Insurance Corporation of India,Financial Services,LICI
285,Linde India Ltd.,Chemicals,LINDEINDIA
286,Lupin Ltd.,Healthcare,LUPIN
287,Lux Industries Ltd.,Textiles,LUXIND
288,MMTC Ltd.,Services,MMTC
289,MOIL Ltd.,Metals & Mining,MOIL
290,MRF Ltd.,Automobile and Auto Components,MRF
291,MTAR Technologies Ltd.,Capital Goods,MTARTECH
292,Macrotech Developers Ltd.,Realty,LODHA
293,Mahanagar Gas Ltd.,Oil Gas & Consumable Fuels,MGL
294,Mahindra & Mahindra Financial Services Ltd.,Financial Services,M&MFIN
295,Mahindra & Mahindra Ltd.,Automobile and Auto Components,M&M
296,Mahindra CIE Automotive Ltd.,Automobile and Auto Components,MAHINDCIE
297,Mahindra Holidays & Resorts India Ltd.,Consumer Services,MHRIL
298,Mahindra Lifespace Developers Ltd.,Realty,MAHLIFE
299,Mahindra Logistics Ltd.,Services,MAHLOG
300,Manappuram Finance Ltd.,Financial Services,MANAPPURAM
301,Mangalore Refinery & Petrochemicals Ltd.,Oil Gas & Consumable Fuels,MRPL
302,Marico Ltd.,Fast Moving Consumer Goods,MARICO
303,Maruti Suzuki India Ltd.,Automobile and Auto Components,MARUTI
304,Mastek Ltd.,Information Technology,MASTEK
305,Max Financial Services Ltd.,Financial Services,MFSL
306,Max Healthcare Institute Ltd.,Healthcare,MAXHEALTH
307,Mazagoan Dock Shipbuilders Ltd.,Capital Goods,MAZDOCK
308,Medplus Health Services Ltd.,Consumer Services,MEDPLUS
309,Metro Brands Ltd.,Consumer Durables,METROBRAND
310,Metropolis Healthcare Ltd.,Healthcare,METROPOLIS
311,Motherson Sumi Wiring India Ltd.,Automobile and Auto Components,MSUMI
312,Motilal Oswal Financial Services Ltd.,Financial Services,MOTILALOFS
313,MphasiS Ltd.,Information Technology,MPHASIS
314,Multi Commodity Exchange of India Ltd.,Financial Services,MCX
315,Muthoot Finance Ltd.,Financial Services,MUTHOOTFIN
316,NATCO Pharma Ltd.,Healthcare,NATCOPHARM
317,NBCC (India) Ltd.,Construction,NBCC
318,NCC Ltd.,Construction,NCC
319,NHPC Ltd.,Power,NHPC
320,NIIT Ltd.,Consumer Services,NIITLTD
321,NLC India Ltd.,Power,NLCINDIA
322,NOCIL Ltd.,Chemicals,NOCIL
323,NTPC Ltd.,Power,NTPC
324,Narayana Hrudayalaya Ltd.,Healthcare,NH
325,National Aluminium Co. Ltd.,Metals & Mining,NATIONALUM
326,Navin Fluorine International Ltd.,Chemicals,NAVINFLUOR
327,Nazara Technologies Ltd.,Media Entertainment & Publication,NAZARA
328,Nestle India Ltd.,Fast Moving Consumer Goods,NESTLEIND
329,Network18 Media & Investments Ltd.,Media Entertainment & Publication,NETWORK18
330,Nippon Life India Asset Management Ltd.,Financial Services,NAM-INDIA
331,Nuvoco Vistas Corporation Ltd.,Construction Materials,NUVOCO
332,Oberoi Realty Ltd.,Realty,OBEROIRLTY
333,Oil & Natural Gas Corporation Ltd.,Oil Gas & Consumable Fuels,ONGC
334,Oil India Ltd.,Oil Gas & Consumable Fuels,OIL
335,Olectra Greentech Ltd.,Automobile and Auto Components,OLECTRA
336,One 97 Communications Ltd.,Financial Services,PAYTM
337,Oracle Financial Services Software Ltd.,Information Technology,OFSS
338,Orient Electric Ltd.,Consumer Durables,ORIENTELEC
339,PB Fintech Ltd.,Financial Services,POLICYBZR
340,PCBL Ltd.,Chemicals,PCBL
341,PI Industries Ltd.,Chemicals,PIIND
342,PNB Housing Finance Ltd.,Financial Services,PNBHOUSING
343,PNC Infratech Ltd.,Construction,PNCINFRA
344,PVR Ltd.,Media Entertainment & Publication,PVR
345,Page Industries Ltd.,Textiles,PAGEIND
346,Patanjali Foods Ltd.,Fast Moving Consumer Goods,PATANJALI
347,Persistent Systems Ltd.,Information Technology,PERSISTENT
348,Petronet LNG Ltd.,Oil Gas & Consumable Fuels,PETRONET
349,Pfizer Ltd.,Healthcare,PFIZER
350,Phoenix Mills Ltd.,Realty,PHOENIXLTD
351,Pidilite Industries Ltd.,Chemicals,PIDILITIND
352,Poly Medicure Ltd.,Healthcare,POLYMED
353,Polycab India Ltd.,Capital Goods,POLYCAB
354,Polyplex Corporation Ltd.,Capital Goods,POLYPLEX
355,Poonawalla Fincorp Ltd.,Financial Services,POONAWALLA
356,Power Finance Corporation Ltd.,Financial Services,PFC
357,Power Grid Corporation of India Ltd.,Power,POWERGRID
358,Praj Industries Ltd.,Capital Goods,PRAJIND
359,Prestige Estates Projects Ltd.,Realty,PRESTIGE
360,Prince Pipes and Fittings Ltd.,Capital Goods,PRINCEPIPE
361,Prism Johnson Ltd.,Construction Materials,PRSMJOHNSN
362,Privi Speciality Chemicals Ltd.,Chemicals,PRIVISCL
363,Procter & Gamble Health Ltd.,Healthcare,PGHL
364,Procter & Gamble Hygiene & Health Care Ltd.,Fast Moving Consumer Goods,PGHH
365,Punjab National Bank,Financial Services,PNB
366,Quess Corp Ltd.,Services,QUESS
367,RBL Bank Ltd.,Financial Services,RBLBANK
368,REC Ltd.,Financial Services,RECLTD
369,RHI MAGNESITA INDIA LTD.,Capital Goods,RHIM
370,RITES Ltd.,Construction,RITES
371,Radico Khaitan Ltd,Fast Moving Consumer Goods,RADICO
372,Rail Vikas Nigam Ltd.,Construction,RVNL
373,Rain Industries Ltd,Chemicals,RAIN
374,Rajesh Exports Ltd.,Consumer Durables,RAJESHEXPO
375,Rallis India Ltd.,Chemicals,RALLIS
376,Rashtriya Chemicals & Fertilizers Ltd.,Chemicals,RCF
377,Ratnamani Metals & Tubes Ltd.,Capital Goods,RATNAMANI
378,RattanIndia Enterprises Ltd.,Services,RTNINDIA
379,Raymond Ltd.,Textiles,RAYMOND
380,Redington Ltd.,Services,REDINGTON
381,Relaxo Footwears Ltd.,Consumer Durables,RELAXO
382,Reliance Industries Ltd.,Oil Gas & Consumable Fuels,RELIANCE
383,Restaurant Brands Asia Ltd.,Consumer Services,RBA
384,Rossari Biotech Ltd.,Chemicals,ROSSARI
385,Route Mobile Ltd.,Telecommunication,ROUTE
386,SBI Cards and Payment Services Ltd.,Financial Services,SBICARD
387,SBI Life Insurance Company Ltd.,Financial Services,SBILIFE
388,SIS Ltd.,Services,SIS
389,SJVN Ltd.,Power,SJVN
390,SKF India Ltd.,Capital Goods,SKFINDIA
391,SRF Ltd.,Chemicals,SRF
392,Samvardhana Motherson International Ltd.,Automobile and Auto Components,MOTHERSON
393,Sanofi India Ltd.,Healthcare,SANOFI
394,Sapphire Foods India Ltd.,Consumer Services,SAPPHIRE
395,Saregama India Ltd,Media Entertainment & Publication,SAREGAMA
396,Schaeffler India Ltd.,Automobile and Auto Components,SCHAEFFLER
397,Sharda Cropchem Ltd.,Chemicals,SHARDACROP
398,Sheela Foam Ltd.,Consumer Durables,SFL
399,Shilpa Medicare Ltd.,Healthcare,SHILPAMED
400,Shipping Corporation of India Ltd.,Services,SCI
401,Shoppers Stop Ltd.,Consumer Services,SHOPERSTOP
402,Shree Cement Ltd.,Construction Materials,SHREECEM
403,Shree Renuka Sugars Ltd.,Fast Moving Consumer Goods,RENUKA
404,Shriram Finance Ltd.,Financial Services,SHRIRAMFIN
405,Shyam Metalics and Energy Ltd.,Metals & Mining,SHYAMMETL
406,Siemens Ltd.,Capital Goods,SIEMENS
407,Sobha Ltd.,Realty,SOBHA
408,Solar Industries India Ltd.,Chemicals,SOLARINDS
409,Sona BLW Precision Forgings Ltd.,Automobile and Auto Components,SONACOMS
410,Sonata Software Ltd.,Information Technology,SONATSOFTW
411,Star Health and Allied Insurance Company Ltd.,Financial Services,STARHEALTH
412,State Bank of India,Financial Services,SBIN
413,Steel Authority of India Ltd.,Metals & Mining,SAIL
414,Sterling and Wilson Renewable Energy Ltd.,Construction,SWSOLAR
415,Sterlite Technologies Ltd.,Telecommunication,STLTECH
416,Sudarshan Chemical Industries Ltd.,Chemicals,SUDARSCHEM
417,Sumitomo Chemical India Ltd.,Chemicals,SUMICHEM
418,Sun Pharma Advanced Research Company Ltd.,Healthcare,SPARC
419,Sun Pharmaceutical Industries Ltd.,Healthcare,SUNPHARMA
420,Sun TV Network Ltd.,Media Entertainment & Publication,SUNTV
421,Sundaram Finance Ltd.,Financial Services,SUNDARMFIN
422,Sundram Fasteners Ltd.,Automobile and Auto Components,SUNDRMFAST
423,Sunteck Realty Ltd.,Realty,SUNTECK
424,Suprajit Engineering Ltd.,Automobile and Auto Components,SUPRAJIT
425,Supreme Industries Ltd.,Capital Goods,SUPREMEIND
426,Suven Pharmaceuticals Ltd.,Healthcare,SUVENPHAR
427,Suzlon Energy Ltd.,Capital Goods,SUZLON
428,Swan Energy Ltd.,Textiles,SWANENERGY
429,Symphony Ltd.,Consumer Durables,SYMPHONY
430,Syngene International Ltd.,Healthcare,SYNGENE
431,TCI Express Ltd.,Services,TCIEXP
432,TCNS Clothing Co. Ltd.,Textiles,TCNSBRANDS
433,TTK Prestige Ltd.,Consumer Durables,TTKPRESTIG
434,TV18 Broadcast Ltd.,Media Entertainment & Publication,TV18BRDCST
435,TVS Motor Company Ltd.,Automobile and Auto Components,TVSMOTOR
436,Tanla Platforms Ltd.,Information Technology,TANLA
437,Tata Chemicals Ltd.,Chemicals,TATACHEM
438,Tata Coffee Ltd.,Fast Moving Consumer Goods,TATACOFFEE
439,Tata Communications Ltd.,Telecommunication,TATACOMM
440,Tata Consultancy Services Ltd.,Information Technology,TCS
441,Tata Consumer Products Ltd.,Fast Moving Consumer Goods,TATACONSUM
442,Tata Elxsi Ltd.,Information Technology,TATAELXSI
443,Tata Investment Corporation Ltd.,Financial Services,TATAINVEST
444,Tata Motors Ltd DVR,Automobile and Auto Components,TATAMTRDVR
445,Tata Motors Ltd.,Automobile and Auto Components,TATAMOTORS
446,Tata Power Co. Ltd.,Power,TATAPOWER
447,Tata Steel Ltd.,Metals & Mining,TATASTEEL
448,Tata Teleservices (Maharashtra) Ltd.,Telecommunication,TTML
449,Teamlease Services Ltd.,Services,TEAMLEASE
450,Tech Mahindra Ltd.,Information Technology,TECHM
451,Tejas Networks Ltd.,Telecommunication,TEJASNET
452,The New India Assurance Company Ltd.,Financial Services,NIACL
453,The Ramco Cements Ltd.,Construction Materials,RAMCOCEM
454,Thermax Ltd.,Capital Goods,THERMAX
455,Thyrocare Technologies Ltd.,Healthcare,THYROCARE
456,Timken India Ltd.,Capital Goods,TIMKEN
457,Titan Company Ltd.,Consumer Durables,TITAN
458,Torrent Pharmaceuticals Ltd.,Healthcare,TORNTPHARM
459,Torrent Power Ltd.,Power,TORNTPOWER
460,Transport Corporation of India Ltd.,Services,TCI
461,Trent Ltd.,Consumer Services,TRENT
462,Trident Ltd.,Textiles,TRIDENT
463,Triveni Engineering & Industries Ltd.,Fast Moving Consumer Goods,TRIVENI
464,Triveni Turbine Ltd.,Capital Goods,TRITURBINE
465,Tube Investments of India Ltd.,Automobile and Auto Components,TIINDIA
466,UFLEX Ltd.,Capital Goods,UFLEX
467,UNO Minda Ltd.,Automobile and Auto Components,UNOMINDA
468,UPL Ltd.,Chemicals,UPL
469,UTI Asset Management Company Ltd.,Financial Services,UTIAMC
470,UltraTech Cement Ltd.,Construction Materials,ULTRACEMCO
471,Union Bank of India,Financial Services,UNIONBANK
472,United Breweries Ltd.,Fast Moving Consumer Goods,UBL
473,United Spirits Ltd.,Fast Moving Consumer Goods,MCDOWELL-N
474,V-Guard Industries Ltd.,Consumer Durables,VGUARD
475,V-Mart Retail Ltd.,Consumer Services,VMART
476,V.I.P. Industries Ltd.,Consumer Durables,VIPIND
477,Vaibhav Global Ltd.,Consumer Services,VAIBHAVGBL
478,Vardhman Textiles Ltd.,Textiles,VTL
479,Varroc Engineering Ltd.,Automobile and Auto Components,VARROC
480,Varun Beverages Ltd.,Fast Moving Consumer Goods,VBL
481,Vedant Fashions Ltd.,Consumer Services,MANYAVAR
482,Vedanta Ltd.,Metals & Mining,VEDL
483,Vijaya Diagnostic Centre Ltd.,Healthcare,VIJAYA
484,Vinati Organics Ltd.,Chemicals,VINATIORGA
485,Vodafone Idea Ltd.,Telecommunication,IDEA
486,Voltas Ltd.,Consumer Durables,VOLTAS
487,Welspun Corp Ltd.,Capital Goods,WELCORP
488,Welspun India Ltd.,Textiles,WELSPUNIND
489,Westlife Development Ltd.,Consumer Services,WESTLIFE
490,Whirlpool of India Ltd.,Consumer Durables,WHIRLPOOL
491,Wipro Ltd.,Information Technology,WIPRO
492,Wockhardt Ltd.,Healthcare,WOCKPHARMA
493,Yes Bank Ltd.,Financial Services,YESBANK
494,ZF Commercial Vehicle Control Systems India Ltd.,Automobile and Auto Components,ZFCVINDIA
495,Zee Entertainment Enterprises Ltd.,Media Entertainment & Publication,ZEEL
496,Zensar Technolgies Ltd.,Information Technology,ZENSARTECH
497,Zomato Ltd.,Consumer Services,ZOMATO
498,Zydus Lifesciences Ltd.,Healthcare,ZYDUSLIFE
499,Zydus Wellness Ltd.,Fast Moving Consumer Goods,ZYDUSWELL
500,eClerx Services Ltd.,Services,ECLERX
